game_title,track_title,mood_name
"ファイナルファンタジーIX","あの丘を越えて","落ち着いた"
"ポケットモンスター スカーレット・バイオレット","カラフシティ","落ち着いた"
"ニーア オートマタ","穏ヤカナ眠リ","落ち着いた"
"世界樹の迷宮IV 伝承の巨神","迷宮I 碧照ノ樹海","落ち着いた"
"オクトパストラベラー","海風を聴く街","落ち着いた"
"ペルソナ5","Beneath the Mask","落ち着いた"
"ドラゴンクエストVIII 空と海と大地と呪われし姫君","広い世界へ","落ち着いた"
"ゼルダの伝説 トワイライトプリンセス","ゾーラの里","落ち着いた"
"ユーディーのアトリエ ～グラムナートの錬金術士～","篝火の国","落ち着いた"
"モンスターハンター","目覚め","落ち着いた"
"聖剣伝説 Legend of Mana","ホームタウン ドミナ","落ち着いた"
"テイルズオブシンフォニア","A snow light","落ち着いた"
"GRAVITY DAZE 2/重力的眩暈完結編:上層への帰還の果て、彼女の内宇宙に収斂した選択","レイ・ハビーナ","落ち着いた"
"信長の野望 革新","春暁を臨み・覇","落ち着いた"
"マリオカート ワールド","スタッフクレジットA","落ち着いた"
"ステラーブレイド","Silent Street (Type A)","落ち着いた"
"BLUE REFLECTION 幻に舞う少女の剣","BLUE REFLECTION","落ち着いた"
"英雄伝説 空の軌跡SC","空を見上げて","落ち着いた"
"アンダーテール","Ruins","落ち着いた"
"星のカービィ ディスカバリー","北のホワイトストリート","落ち着いた"
"ユニコーンオーバーロード","エルヘイムフィールド(昼)","落ち着いた"
"ピクミン","希望の森","落ち着いた"
"スーパーマリオギャラクシー","天文台のロゼッタ3","落ち着いた"
"爆ボンバーマン","BLUE RESORT","落ち着いた"
"ときめきメモリアル2","南の町のギタリスト","落ち着いた"
"マリオパーティ4","わくわくパーティ","落ち着いた"
"ナイツ ～星降る夜の物語～","Dreams Dreams : Located Link Mix (Instrumental)","落ち着いた"
"ソニックワールドアドベンチャー","Apotos - Day","落ち着いた"
"ファイアーエムブレム 風花雪月","あなたのいる朝焼け","落ち着いた"
"ICO","heal","落ち着いた"
"ニューダンガンロンパV3 みんなのコロシアイ新学期","クライマックス推理V3","落ち着いた"
"二ノ国 白い聖灰の女王","始まりの朝","落ち着いた"
"大神","天神族のテーマ","落ち着いた"
"クロノ・トリガー","風の憧憬","落ち着いた"
"ヴィーナス&ブレイブス ～魔女と女神と滅びの予言～","Waltz For Ariah","落ち着いた"
"ブレイブリーデフォルト フライング・フェアリー","沈みそうな国","落ち着いた"
"MOTHER2 ギーグの逆襲","Home Sweet Home","落ち着いた"
"ゼノブレイド2","リベラリタス島嶼群","落ち着いた"
"シドマイヤーズ シヴィライゼーション VI","Brazil - The Ancient Era","落ち着いた"
"スーパードンキーコング２","Stickerbrush Symphony","落ち着いた"
"キングダム ハーツIII","Dearly Beloved -KINGDOM HEARTS III Version-","落ち着いた"
"マインクラフト","Haggstrom","落ち着いた"
"ロマンシングサガ ミンストレルソング","無垢なる守り人 -Claudia-","落ち着いた"
"スプラトゥーン","マリタイム・メモリー","落ち着いた"
"大乱闘スマッシュブラザーズX","フィギュア名鑑","落ち着いた"
"イースI&IIクロニクルズ","TOO FULL WITH LOVE (ランスの村)","落ち着いた"
"がんばれゴエモン ～ネオ桃山幕府のおどり～","朱に交われば禅の心","落ち着いた"
"ヨッシー ウールワールド","あみあみ風車のおか","落ち着いた"
"あつまれ どうぶつの森","午後0時(晴)","落ち着いた"
