game_title,title
"ファイナルファンタジーIX","あの丘を越えて"
"ポケットモンスター スカーレット・バイオレット","カラフシティ"
"ニーア オートマタ","穏ヤカナ眠リ"
"世界樹の迷宮IV 伝承の巨神","迷宮I 碧照ノ樹海"
"オクトパストラベラー","海風を聴く街"
"ペルソナ5","Beneath the Mask"
"ドラゴンクエスト8","広い世界へ"
"ゼルダの伝説 トワイライトプリンセス","ゾーラの里"
"ユーディーのアトリエ ～グラムナートの錬金術士～","篝火の国"
"モンスターハンター","目覚め"
"聖剣伝説 Legend of Mana","ホームタウン ドミナ"
"テイルズオブシンフォニア","A snow light"
"GRAVITY DAZE 2/重力的眩暈完結編:上層への帰還の果て、彼女の内宇宙に収斂した選択","レイ・ハビーナ"
"信長の野望 革新","春暁を臨み・覇"
"マリオカート ワールド","スタッフクレジットA"
"ステラーブレイド","Silent Street (Type A)"
"BLUE REFLECTION 幻に舞う少女の剣","BLUE REFLECTION"
"英雄伝説 空の軌跡SC","空を見上げて"
"アンダーテール","Ruins"
"星のカービィ ディスカバリー","北のホワイトストリート"
"ユニコーンオーバーロード","エルヘイムフィールド(昼)"
"ピクミン","希望の森"
"スーパーマリオギャラクシー","天文台のロゼッタ3"
"爆ボンバーマン","BLUE RESORT"
"ときめきメモリアル2","南の町のギタリスト"
"マリオパーティ4","わくわくパーティ"
"ナイツ ～星降る夜の物語～","Dreams Dreams : Located Link Mix (Instrumental)"
"ソニックワールドアドベンチャー","Apotos - Day"
"ファイアーエムブレム 風花雪月","あなたのいる朝焼け"
"ICO","heal"
"ニューダンガンロンパV3 みんなのコロシアイ新学期","クライマックス推理V3"
"二ノ国 白い聖灰の女王","始まりの朝"
"大神","天神族のテーマ"
"クロノ・トリガー","風の憧憬"
"ヴィーナス&ブレイブス ～魔女と女神と滅びの予言～","Waltz For Ariah"
"ブレイブリーデフォルト フライング・フェアリー","沈みそうな国"
"MOTHER2 ギーグの逆襲","Home Sweet Home"
"ゼノブレイド2","リベラリタス島嶼群"
"シドマイヤーズ シヴィライゼーション VI","Brazil - The Ancient Era"
"スーパードンキーコング２","Stickerbrush Symphony"
"キングダム ハーツIII","Dearly Beloved -KINGDOM HEARTS III Version-"
"マインクラフト","Haggstrom"
"ロマンシングサガ ミンストレルソング","無垢なる守り人 -Claudia-"
"スプラトゥーン","マリタイム・メモリー"
"大乱闘スマッシュブラザーズX","フィギュア名鑑"
"イースI&IIクロニクルズ","TOO FULL WITH LOVE (ランスの村)"
"がんばれゴエモン ～ネオ桃山幕府のおどり～","朱に交われば禅の心"
"ヨッシー ウールワールド","あみあみ風車のおか"
"あつまれ どうぶつの森","午後0時(晴)"
