game_title,track_title,video_id,priority,is_active
"ファイナルファンタジーIX","あの丘を越えて","NcllQRpnLXQ",1,true
"ポケットモンスター スカーレット・バイオレット","カラフシティ","Vu8Yb1UTP3Y",1,true
"ニーア オートマタ","穏ヤカナ眠リ","5sN6hsuMH5Q",1,true
"世界樹の迷宮IV 伝承の巨神","迷宮I 碧照ノ樹海","8vmMN8mZ0i4",1,true
"オクトパストラベラー","海風を聴く街","kNbsBviP48g",1,true
"ペルソナ5","Beneath the Mask","SlUYv-CUoOo",1,true
"ドラゴンクエスト8","広い世界へ","L3iBCrPGKkE",1,true
"ゼルダの伝説 トワイライトプリンセス","ゾーラの里","1inzt7o6VWE",1,true
"ユーディーのアトリエ ～グラムナートの錬金術士～","篝火の国","Md9HvUyA8Jw",1,true
"モンスターハンター","目覚め","3PLlTLzh3QY",1,true
"聖剣伝説 Legend of Mana","ホームタウン ドミナ","4vJirbZ71Ik",1,true
"テイルズオブシンフォニア","A snow light","yzi22kX6zlM",1,true
"GRAVITY DAZE 2/重力的眩暈完結編:上層への帰還の果て、彼女の内宇宙に収斂した選択","レイ・ハビーナ","erRzMKtfI6E",1,true
"信長の野望 革新","春暁を臨み・覇","v6hendzN4XQ",1,true
"マリオカート ワールド","スタッフクレジットA","Ba0esvm60WE",1,true
"ステラーブレイド","Silent Street (Type A)","gpg2k7qGUDg",1,true
"BLUE REFLECTION 幻に舞う少女の剣","BLUE REFLECTION","P3Oue8iy6WE",1,true
"英雄伝説 空の軌跡SC","空を見上げて","dVxRXsCz8xc",1,true
"アンダーテール","Ruins","oHZDWwW6iXs",1,true
"星のカービィ ディスカバリー","北のホワイトストリート","nlUx8_9gtvc",1,true
"ユニコーンオーバーロード","エルヘイムフィールド(昼)","e2_hfDPxYhE",1,true
"ピクミン","希望の森","jc3gs7OJ0Jc",1,true
"スーパーマリオギャラクシー","天文台のロゼッタ3","wBhzmys2-eU",1,true
"爆ボンバーマン","BLUE RESORT","kLU2JA1XBG8",1,true
"ときめきメモリアル2","南の町のギタリスト","TjIaRZrFzhs",1,true
"マリオパーティ4","わくわくパーティ","38n-iEZtCR0",1,true
"ナイツ ～星降る夜の物語～","Dreams Dreams : Located Link Mix (Instrumental)","0yGLmRuUhF8",1,true
"ソニックワールドアドベンチャー","Apotos - Day","kmC6OImeNXY",1,true
"ファイアーエムブレム 風花雪月","あなたのいる朝焼け","XLMMq-bxKB4",1,true
"ICO","heal","6YCUjoBqpSc",1,true
"ニューダンガンロンパV3 みんなのコロシアイ新学期","クライマックス推理V3","mXI2gWR_fo8",1,true
"二ノ国 白い聖灰の女王","始まりの朝","wrL5WYCnQyc",1,true
"大神","天神族のテーマ","Zr_QlpxVQEg",1,true
"クロノ・トリガー","風の憧憬","iN4TSrFHyRg",1,true
"ヴィーナス&ブレイブス ～魔女と女神と滅びの予言～","Waltz For Ariah","_5Bxak_yjT8",1,true
"ブレイブリーデフォルト フライング・フェアリー","沈みそうな国","yP5_Yb2waDE",1,true
"MOTHER2 ギーグの逆襲","Home Sweet Home","l8HLmavya0M",1,true
"ゼノブレイド2","リベラリタス島嶼群","li-zAyIUn1U",1,true
"シドマイヤーズ シヴィライゼーション VI","Brazil - The Ancient Era","ojeUG9glsYo",1,true
"スーパードンキーコング２","Stickerbrush Symphony","mdPlcKg-qFs",1,true
"キングダム ハーツIII","Dearly Beloved -KINGDOM HEARTS III Version-","YpcnL2lFK_g",1,true
"マインクラフト","Haggstrom","laZusNy8QiY",1,true
"ロマンシングサガ ミンストレルソング","無垢なる守り人 -Claudia-","59EjKFN6HWw",1,true
"スプラトゥーン","マリタイム・メモリー","pexceIzifio",1,true
"大乱闘スマッシュブラザーズX","フィギュア名鑑","zAs5ricqFUc",1,true
"イースI&IIクロニクルズ","TOO FULL WITH LOVE (ランスの村)","Ayj5Xqk3urc",1,true
"がんばれゴエモン ～ネオ桃山幕府のおどり～","朱に交われば禅の心","Sr0RsOw3UPY",1,true
"ヨッシー ウールワールド","あみあみ風車のおか","dZN4tvwa5Ng",1,true
"あつまれ どうぶつの森","午後0時(晴)","pP6sXPZRzLA",1,true
